{"music_volume": 0.09333333333333334, "sfx_volume": 0.2333333333333335}